"title","external_video_id","video_shortened_id"
"Go to bat | Hillary Clinton","r-v6w3QNw2s",1
"The Same | Hillary Clinton","GCso--nVeqI",2
"Ivanka Trump's top picks for Fall from her Shoe Collection at Nordstom","6uSBz_W90kQ",3
"Strong For Women's Rights","54aPNKS4mR0",5
"Hillary Clinton answers a foreign policy question about Laos | Hillary Clinton","wl4anBMrg3A",6
"Breaking Barriers | Hillary Clinton","5v8L0zocNxI",7
"Student parents | Hillary Clinton","91bv5YiORfE",8
"Trump – “Ed Rollins has been tremendous”","OwLezs00HZQ",9
"Blue Monster Transformation, Hole #15","cbcbk0BPcYI",10
"Get Out To Vote - Alaska","gdpuklbduSE",11
"The GOP: Out of Touch, Out of Date, Too Extreme","VX26kMXLdvY",12
"FRIDAY HOT TAKES 4 4","cZdJsLCDd_8",13
"Real Progress | Hillary Clinton","4yDXkDV6tJ0",14
"Mitt Romney: In the tank for Big Oil.","wEYnREP3wW0",15
"From The Desk Of Donald Trump 2/28/11","QnZFQiDR4hQ",16
"From The Desk Of Donald Trump 7/13/11","2tOm87RFIK4",17
"182 Days To Go!","C-UV2l8XYRA",18
"From the Desk of Donald Trump: Boston Marathon Tragedy","ekqpuQCJp68",19
"Hillary Clinton answers a question about bullying | Hillary Clinton","KZO8o8YuBOY",20
"Real Progress Now | Hillary Clinton","JwnmVbyGm5M",21
"Children | Hillary Clinton","ciEV3olrBYw",22
"The GOP: Still 2Xtreme","QBAHxoDcjio",23
"Ivanka Trump's Update March 2012","s8HM8kfZ--w",24
"Secretary Clinton's opening statement at the House Committee on Benghazi | Hillary Clinton","xyAXy02UbMg",25
"The GOP: Wrong For Tax Fairness","7RTKA9EpgXY",26
"Stringout1","t2Q0YtF2aLc",27
"The Eric Trump Foundation","qh0bN1dUZo8",28
"Has your granddaughter done anything that has surprised you? | Quick Question | Hillary Clinton","OnTwbRoSC-Y",29
"Get Out to Vote - Nebraska","iXBZ5Z9UrtE",30
"Vote March 1 | Hillary Clinton","D-ydcJR0-YU",31
"Paid Less? Give 'em Hill","-LCvjFrdUvQ",32
"Clips","PCZK5h-jGOQ",33
"Stanley Hubbard on FNC Neil Cavuto","2OgSDWniUiI",34
"Caucus March 1 | Hillary Clinton","cg9_ofeCmVo",35
"GAP Concerned TV Ad","pzkw2tDIcLQ",36
"Benghazi Committee Anniversary Video","EYIjyuWz-ao",37
"Predatory | Hillary Clinton","JiuprRC4K2Y",38
"Donald Trump Phoenix, Arizona July 11, 2015 Full Speech - Donald J. Trump for President","sPED92gRpsY",39
"Trump International Realty: Trump Park Avenue Penthouse 24","vOXD_RBV9rM",40
"Second-Class Citizens","Xdu8gXI4Wbk",42
"Book Signing Tonight and Thursday","cE_Evcqxn04",43
"Rubio On Repeat","ze1CSU9A2mI",44
"Bernie Sanders: Three Pinocchios","I3btY7YViqo",45
"Hillary Clinton: Ready for the Presidency","ZVrde6OZz9A",46
"Work Hard | Hillary Clinton","pMcSWonOBZs",47
"Vote March 8 | Hillary Clinton","p3Jvz2IVxk0",48
"The Republican Nominee","mWlQf4dcFeA",49
"Search | Hillary Clinton","JsX1_OqitrY",50
"Strong For Women","nrCVGRMi3Iw",51
"What They Would Do","DMfPxF_VFto",52
"Hillary's Campaign Kick-off Trip to Iowa in 100 Seconds | Hillary Clinton","3Nc8OxgF1lI",53
"Life Changing Experience","FpkDL3G7AoY",54
"Vote Saturday | Hillary Clinton","kOZCLUMNxts",57
"Get Out to Vote - Arizona","Er8mxM5qFd4",58
"Who Are The Republicans Really Fighting For?","672qKxxSP1A",59
"Donald Trump Lying the entirety of Mozart's Symphony No. 40","R_a5DnPXBi8",60
"Dorothy","kNLwH8AEa7Q",61
"How Does it Feel to be a Female Candidate? | Big Question, Little Supporter | Hillary Clinton","NPhAdg5wNr0",62
"ivankarcut129","KUwvKBS8bZk",63
"GOP Debate Four In Review","Dl4rUHF5dOE",64
"You Must Register Republican - California","YFeCGq6kPO4",65
"A conversation about mental health services | Hillary Clinton","6eLyTMby-c4",66
"Caucus Saturday | Hillary Clinton","kHkId3SyMIo",67
"From The Desk Of Donald Trump: Mac Miller","yx1mUxI9w5A",69
"Inequality | Hillary Clinton","_LFVoPfSbbI",70
"Love and Kindness | Hillary Clinton","hFA7SlNREYU",71
"BERNOBAMA","nlxPt-CvD9E",72
"Stand for Reality","_ZwguLJVxsM",73
"Imagine a tomorrow | Hillary Clinton","DnEfPDOifc0",74
"Hillary Clinton at the 2015 U.S. Conference of Mayors","AW1sC9WDx_k",75
"Children | Hillary Clinton","RCdbQqpqgiI",76
"From The Desk Of Donald Trump 3/8/11","JEV0qzUTGhY",77
"| Hillary Clinton","aD3J_Pw-f5k",78
"Bernie Sanders, Dick Cheney, and the Gun Industry","28c0RJo8k2E",79
"Trump Place: Penthouse 4A","DfADS6fhOeQ",80
"The GOP's True Colors","9OF2ZoTFaQ4",81
"Brave | Hillary Clinton","axN-hs4slpY",82
"Brave | Hillary Clinton","8v25C4tdr-k",83
"Real Progress Now NV | Hillary Clinton","Vu_X4yHPGzw",84
"Defend | Hillary Clinton","42W0TMDj2eE",85
"Girl's Night Out | Hillary Clinton","-uxbPy1yvsA",86
"Caucus March 6 | Hillary Clinton","fGMtCwsQyqE",87
"Do you see yourself or your mother in your daughter? | Quick Question | Hillary Clinton","tX8pm0L26Cc",89
"Portraits - Priorities USA Action","HY1l9OOxtqo",90
"The Eric Trump Foundation Mission Statement (2016)","wfQb3NL8SfI",91
"Week One | Hillary Clinton","SaTSW4MxnFA",92
"The GOP's At It Again","9x0T9ZwSsOw",93
"The GOP on a Pathway to Citizenship... They're All the Same.","v96Qz-SdIck",94
"Part 6 | The History of ""Women's Rights Are Human Rights"" | Hillary Clinton","EMcQ7F7S_zA",95
"From The Desk Of Donald Trump 7/11/11","sL4fYq9w-mA",97
"Lunar New Year | Hillary Clinton","koAnNagL3DY",98
"The Celebrity Apprentice Video Blog Week 6","S27QATtln38",99
"Breaking Barriers | Hillary Clinton","9HPvKGx7fGU",100
"Education","P1CqvyewyC4",101
"This Is Not A Laughing Matter, Bernie.","EhgQB4rN3ag",102
"This City Means Something | Hillary Clinton","Ri0VUy5TAyk",103
"Extremely Dangerous","vtTGafwYzI8",104
"Get Out To Vote - Rhode Island","sODmdvBG16Y",105
"Shamed | Hillary Clinton","BItSOMeGppc",106
"From The Desk Of Donald Trump: Libya","duyvYNh-fLw",107
"Donald Trump's ""Respect"" for Women","9b7vv08UQlQ",108
"Incredible | Hillary Clinton","CDFhwWy0a2E",109
"Behind the scenes in Beijing","pk1GPp9JOiQ",110
"Trump's Ceiling","Wb10WsNn8W0",111
"Potential SC | Hillary Clinton","xFg76PtBsXc",112
"Hillary Clinton's Remarks at the Jefferson Jackson Dinner | Hillary Clinton","s_HIEIiv8Ao",113
"From The Desk Of Donald Trump: Trump Chopper","gycxhHp0QAU",114
"Ivanka Trump's Update December 2012","5soTn8yp7-0",116
"FNC 05 18 2016 07 17 23","u4p90xqFsmo",117
"Bernie Sanders Offers Very Few Specifics","pvvmH8cLhqo",118
"Bam | Hillary Clinton","La0GJYioWV8",120
"The Celebrity Apprentice Video Blog Week 8","L05vt0ZkVgk",121
"The World | Hillary Clinton","Y8FPmXtzpBk",122
"Maria Hamilton speaks | Hillary Clinton","KLYySyrQNt0",124
"How to Caucus Iowa - Updated - Donald J. Trump for President","5m6ijNETbsA",125
"From The Desk Of Donald Trump: Joe Paterno & Political Analysts","CkjcFu7Shws",126
"Get Out To Vote - Oregon","-Ov4qcu-3bw",127
"Donald Trump ""Respects"" Women...","k6vMGqX58Ww",128
"Viewer Discretion Advised: The Trump Effect","vdemmspYCIs",129
"Get Out To Vote - Pennsylvania","kdXzb0oPn3Q",130
"Al Franken | Hillary Clinton","xUoX4_dP6ns",131
"300 | Hillary Clinton","s9xbPOTMGvA",132
"Risk and Reward With Deidre Bolton Interview with Eric Beach, Co-Chair of Gream America PAC","0oNHsQQvBhU",133
"Reverse | Hillary Clinton","T9c8DtYTCc8",134
"Inequality | Hillary Clinton","g9VW4QJc5os",135
"James Carville on superPACs in 2012","zewRx3JD8Uo",136
"GOP: Wrong For Us","PSI69gt8Wzs",137
"I'm With Him | Hillary Clinton","QPslyvd-QF0",138
"Mi Hija","nFh3Bpzke2g",139
"Fighting for children's rights in South Carolina in the 1970s | Hillary Clinton","Asn_w7lue9w",140
"The GOP: ""I Don't Know""","uc2ntnwlkJ8",141
"Hillary Speaks About her Mom's Influence on her Campaign | Interview | Hillary Clinton","JqXgYgusRMA",142
"FBN 05 19 2016 19 28 08","6q4Nmcq7Grk",143
"Hillary shares a special moment with a (new!) supporter and his mother | Hillary Clinton","yR35F79kABk",144
"Hillary Clinton GOTC | Hillary Clinton","1DaYJE5TTfk",145
"Donald Trump: A Message to the Faith and Freedom Coalition","lCDfDU2wyJM",146
"Bernie Sanders On Gun Violence: Sounds Just Like a Republican","TCdxJkgdC60",147
"President Bill Clinton on why Hillary is the greatest changemaker he's ever known | Hillary Clinton","kvOusLAWn9E",148
"Real Life | Hillary Clinton","DJ0SQywNeeQ",149
"Una de mis héroes | Hillary Clinton","-p0l3PGPTR0",150
"Why Hillary Fights for New Hampshire | Hillary Clinton","hoMeS_uYfhw",151
"Strong For Families","ZKkkuMBrnxc",152
"Makers | Hillary Clinton","14Zszju3rCo",153
"Breaking Barriers | Hillary Clinton","qaXWAxxjDLw",154
"Bam | Hillary Clinton","KCQRCGKo7Hk",155
"Came Through | Hillary Clinton","KgShA36gE-4",157
"Johnson Controls | Hillary Clinton","OBOQOYCbkfo",158
"For Us | Hillary Clinton","8rMFxwCGaWQ",159
"The GOP on Equal Pay... They're All the Same.","XJHvjH0c_AA",160
"Ivanka Trump - Find Your Iowa Caucus Location","_Otk1FRbNR8",161
"Hillary Clinton On Gun Violence Prevention | Hillary Clinton","cgCU2g1-JeA",163
"Brave | Hillary Clinton","VQ4-B1qtaNg",164
"GOP Tax Plans","3Sbk-j7WW2c",165
"Global | Hillary Clinton","A9X_EVmPe1g",166
"""We need you"" says President Bill Clinton to volunteers | Hillary Clinton","G-q1ghhobcw",167
"Ed Rollins on Trump Campaign Funds","qvQUvpNKDVw",168
"Raising Incomes: The Defining Economic Challenge of Our Time | Hillary Clinton","-S6fMCEv-sI",169
"Inequality | Hillary Clinton","OmFTsxCQdRM",170
"From The Desk Of Donald Trump: The Economy","OEGKdPtB6m8",171
"From The Desk Of Donald Trump: Jon Stewart","5e6n_3Fj7qk",172
"Inequality | Hillary Clinton","HsPvBD4NNME",173
"Lifetime | Hillary Clinton","goNfE6GlCtQ",174
"Donald Trump: The Art of the Sell","W8x-ITevVJY",175
"I Will Work For You","ReFReMfBWAY",176
"Our community | Hillary Clinton","UlIxi9sEujs",177
"What's At Stake in 2016? Progress.","qtvOeyh_LVE",178
"Vote Saturday | Hillary Clinton","fLATchowIEI",179
"Fortitude | Hillary Clinton","qLEem4fEvdM",180
"Trump's Secret Plan","OcXjQwBjUP4",181
"The Bromance Is Over","q6mz96Bdloc",182
"Broken Education System","n3DgJsgVFRo",183
"Bernie Sanders: ""I am talking"" #DemDebate","MNIAN5t7XSc",184
"Her Fight | Hillary Clinton","1PCKRFEwcI8",185
"GOP ""Values""","MfPLDEgVhr8",187
"My Mom | Hillary Clinton","o1sU_cSdg2c",188
"A message to the South Carolina Democratic Party","D-zDdx3YLt8",189
"Bernie Sanders, ""Can I finish?""","oVbr8CW0vts",190
"Hillary Clinton GOTV | Hillary Clinton","DBioN-vQhgE",191
"From The Desk Of Donald Trump- Most Popular Tweet Answered...","Wc8a7L0lS58",192
"Trump Stepped Up!","xG7YE-_EZYg",193
"Inequality | Hillary Clinton","xJkU9vv7FNA",194
"Steve King and Ted Cruz: Two Peas In a Pod","EnVWXFXx9ls",195
"Part 4 | The History of ""Women's Rights Are Human Rights"" | Hillary Clinton","QdGORFmbo7s",196
"Ask yourself | Hillary Clinton","vpC7brbOs_E",197
"Can you tell us a fun story about a world leader you've met? | Quick Question | Hillary Clinton","pQQy1bMchSc",198
"Four generations of a family in Ohio on their support for Hillary Clinton | Hillary Clinton","B4MhOb2Xkjc",199
"Go to bat | Hillary Clinton","B_AQLyib0hE",200
"Is This Who We Want?","V_eTKSzoAUY",201
"What was some of your mom's best advice? | Quick Question | Hillary Clinton","VR6mTHaT23g",202
"""Getting Started"" supporters: Christie and Kassie | One year since launch | Hillary Clinton","yYuN9Soby1E",203
"Ben Carson Endorses Donald Trump","iH8jqKIW8eg",204
"Campaign Strategy Update | State of the Race with Robby Mook | Hillary Clinton","6SuSUWprwzQ",205
"Thank You Iowa","4qpCWFVlZvc",206
"Happy Veterans Day | Hillary Clinton","LkJ9I4MPhTw",207
"Brave | Hillary Clinton","32j0pJuA40Y",210
"Caucus on Monday | Hillary Clinton","JWlsqJ6BXSU",212
"Secretary Hillary Clinton's Closing Statement from the PBS Democratic Debate | Hillary Clinton","Fy4EiS-7M7M",213
"The Same | Hillary Clinton","4CnP5d9RbvM",214
"All The Good | Hillary Clinton","3iAMPzQzI-4",215
"Voters Speak - Donald J. Trump for President","zSpQaqoTnnM",217
"The Best (Or Worst) Moments From the GOP Debate","0tAnQtkjX2I",218
"Inequality | Hillary Clinton","gbviEohhqWo",219
"The Same | Hillary Clinton","xlnMY_xU_2k",220
"Success by Trump Launch Event at Macy's Herald Square 2012","kbleBn4-79g",221
"Easy As 1,2,3 | Hillary Clinton","pF44E2ow2OM",222
"Breaking Barriers | Hillary Clinton","hiqGFT3GgOk",223
"Hillary Clinton Speech at the Democratic National Committee Summer Meeting | Hillary Clinton","SVthbVuTZWM",224
"Vote March 5 | Hillary Clinton","8aCvLGCAB7w",225
"Clip E","lwknyqSe2-4",226
"Vote March 8 | Hillary Clinton","GMgcvsBpZBg",227
"What Is Donald Trump Hiding in His Tax Returns?","8sgqnIXSNvA",228
"New World | Hillary Clinton","Ew7JdHbCIfg",229
"Easy as 1-2-3 | Hillary Clinton","9vnv1OmUwDU",230
"The GOP on Climate Change... They're All the Same.","IZHF1Upckek",231
"DONTKNOW 8","HQI_m_bpVWQ",232
"Competent Leadership","bf2XiotelhQ",233
"Friday #HotTakes | 01.22.2016","vStJECHmYP0",234
"Brave | Hillary Clinton","2V-MhkgGp_E",235
"The Eighth Annual Eric Trump Foundation Golf Invitational","tuu92ZHIvWc",236
"The Celebrity Apprentice Video Blog Week 5","iWV-oskagCY",237
"All the Good | Hillary Clinton","j9_pNyQj3XM",238
"The Seventh Annual Eric Trump Foundation Golf Invitational","ZdRLDJsMceU",239
"Ivanka Trump Update October 2014","VlLc70oEJ60",240
"Keeping America Safe: Flint Water Crisis","GqS9AOw7ZEY",241
"The GOP's Anti-Muslim Policies and Rhetoric... They're All the Same.","bE79ujYIxQE",242
"Bernie Sanders: President Obama's Harshest Critic","QIJZoAn_bz8",243
"Young Future Ohio Voter Asks Hillary a Question | Hillary Clinton","9Kk-btNY9-c",244
"From The Desk Of Donald Trump: Windfarms","kPSBI6P21jk",245
"Ivanka Trump's Ready-To-Wear Fashion Show 2012","fF2n24OHLxY",246
"Criticism | Hillary Clinton","8F8V2JoMlAs",247
"The Same | Hillary Clinton","a9RV9Ym2aFw",248
"The Frontrunners","3CfdLWfh-xc",249
"The Return of Mitt Romney: A #TBT No One Asked For","kAURdFxAra4",250
"One Week Down, 26 To Go! (Ryan Version)","vjs1gBJB8Wo",251
"Alexis | Hillary Clinton","6Y2sq8iDl8g",252
"Healing Wounds","EHl5GbDWpaA",254
"Una de mis héroes | Hillary Clinton","b8rKIXA5ToU",255
"Great America PAC Co-Chairman Eric Beach on CNN","fASxk-eUaMg",256
"Hillary Clinton at the 2015 U.S. Conference of Mayors","j5Xv80YydnI",258
"Search | Hillary Clinton","z5YSr09BDyA",259
"The Same | Hillary Clinton","NiHO7sfxan0",260
"Caucus Sunday | Hillary Clinton","3C4xWpB7yzk",261
"What's At Stake?","gZ_DSdTz7NU",262
"Ivanka Trump - Get Out To Vote Georgia","34arafXDvvs",263
"Did you learn anything from your mom you want to pass on to your children? | Hillary Clinton","eIdg4sInwDw",264
"Easy as 1, 2, 3 | Hillary Clinton","NZz8bo6wC2Q",265
"Strong For The Advancement Of Women","ND_2B8JyDgA",266
"Progress Together SC | Hillary Clinton","cJOms7GVRbc",267
"Ivanka Trump December 2013 Update","s2rAFT-WSus",268
"What is the best part about watching Chelsea become a mom? | Hillary Clinton","dpv-df1aeZk",269
"Jobs","ekVdg481lp4",270
"Bernie Sanders Offers Very Few Specifics","P0Q_oFOc2Y8",271
"Easy as 1-2-3 | Hillary Clinton","csnv59X8C9c",272
"Una Bandera | Hillary Clinton","jIy8RBnrMgA",273
"Vote March 15 | Hillary Clinton","PSQm5YPfOn4",274
"Hillary Clinton In Iowa","urlB0fQtH1U",275
"The Next Generation: Eric Trump","ZHZpHDNxDV4",276
"Stand | Hillary Clinton","vRDEUn6EiKA",277
"Swipe Right for Hillary","r8iEiBRmpK0",278
"From The Desk Of Donald Trump 3/21/11","KmtDLa03DpM",279
"Get Out To Vote - Indiana","87wUgFYiVVI",280
"From The Desk Of Donald Trump: News of the Week","haoHuJJkk_4",281
"Romney and Stage Stores: ""Every Layoff Counts""","f9srDDQ0qUI",282
"Clip C","5kuKkciJS0Q",284
"Every Corner | Hillary Clinton","sE6plIVriu0",285
"Hillary Clinton's Presidential Town Hall Performance","6czKKFI7z0A",286
"Bernie Sanders, the NRA, and Immunity for the Gun Industry","Xqqtg5E1DQs",287
"Predatory | Hillary Clinton","_glCj3DcPJs",288
"RADIO 2 LA Vote Today","F5aSRbMrfNI",290
"Big Questions for Little Supporters | Hillary Clinton","CF_h2I08D6U",291
"Trump International Realty New York Presents: Waterfall Mansion - 170 East 80th Street","-rTtIZ2pLts",292
"Caucus tonight  | Hillary Clinton","zP7mbMfa7Ss",293
"It's Trump Mania!","4sn62NoiE5k",294
"GOP vs the Experts on Iran Deal","HmtoLliDRwg",296
"Brave | Hillary Clinton","XJ9JGim3KDY",297
"Brave | Hillary Clinton","pvFWQOesPDo",299
"Secretary Hillary Clinton's Closing Statement from the Third Democratic Debate | Hillary Clinton","ZAPV5jFTNZo",300
"More | Hillary Clinton","DXG8UICi4y8",301
"Caucus Tonight | Hillary Clinton","t44ofyCBdic",302
"Live Free or Die","Ord_6KYhDRk",303
"Another Super Tuesday for Hillary","moMWmH2L7-M",304
"From The Desk Of Donald Trump 3/16/11","0gR7iBZhbLE",306
"Trump's America","a3XBHMGctN0",307
"Representative John Lewis speaks on the importance of voting | Hillary Clinton","hqf2DHj6aH4",309
"Stand | Hillary Clinton","Dw3wn_CETvI",310
"Admit | Hillary Clinton","TX8AAUOGKSg",311
"Friday #HotTakes | 03.25.2016","c7umZZ_CjC8",312
"Friday #HotTakes | 02.12.2016","OJCus_tARHY",313
"The Same | Hillary Clinton","QpT-fGy1Yv8",314
"Rubio/Haley South Carolina","WKm6A1tc3zg",315
"Serious Matters","OKTTxKriW5o",316
"Building on Progress","kEkJ56DQmfk",317
"Why Hillary is Supporting the Iran Deal | Hillary Clinton","JoOCqclpuLw",318
"Donald J. Trump Victory Speech New York April 19th, 2016","-8hF1vh5k2Y",319
"Bernie Sanders Voted to Protect the Minutemen","2vSvn0cfk-Y",320
"Caucus March 6 | Hillary Clinton","MsTXVzzoZjM",321
"Bill Clinton GOTC | Hillary Clinton","GcjOrSxIhDM",322
"Reactions to McCarthy's Gaffe","JdPreg7yFzQ",323
"The Celebrity Apprentice Video Blog Week 7","ppKRG9TXTkM",324
"From The Desk Of Donald Trump: Why I cancelled the ""great debate""..","xLtPUXBcAZg",325
"GOP Debate Media Reviews","LDdyQiY4Dqg",327
"GUN VIDEO FINAL","zxQ3n7dufOY",328
"Trusted","rHnZISRT3jI",329
"Bernie Sanders Immigration Lie","AvCjlf16iY4",330
"From The Desk Of Donald Trump: Obama's mic, the Debate, and my Endorsement","zs-sIOe0X44",332
"The World | Hillary Clinton","FXeaVWRhcYc",333
"Two Donald Trumps","nh1RFlUfgCQ",334
"Hillary Clinton's closing statement at the Wisconsin debate | Hillary Clinton","Twn5vNSci2E",335
"Watch Miss Universe Tonight!","AKHfXQBp6kM",336
"Hillary Clinton speaks about Donald Trump in her March 15 victory speech | Hillary Clinton","rKYWCECvC38",337
"Get Out To Vote - Illinois","gGka77bMMkA",338
"Wrong for Immigration","sqef3ATiMjY",339
"Johnson Controls | Hillary Clinton","aRFCrjYtrCc",340
"Donald Trump on Gun Violence","T1O0TR5UFuc",341
"Ben Carson Endorses Donald Trump","t6qcmpvZi0Y",342
"The GOP on Universal Background Checks... They're All the Same.","tlHd5420qJk",343
"From The Desk Of Donald Trump 5/12/11","Aa0LVe9QNF0",344
"Sanders Doubles-Down on ""Incorrect"" Qualification Attack","2_YjS7Qzdzk",345
"Ivanka Trump - How to Caucus Nevada","E-p9ol89dQg",346
"Donald J. Trump- Make America Great Again","nKqCEuv5c6M",347
"Trump National Golf Club Colts Neck","akvCVyiprNA",348
"Stand | Hillary Clinton","7nSEBNNxINo",349
"This House | Hillary Clinton","S45P-CiNrv8",350
"Forward | Hillary Clinton","u3Go_x-Ckb0",351
"Hillary listens to a woman's story of pregnancy in the workplace | Hillary Clinton","y5YMIIWGIks",352
"Ivanka Trump invites you to Lord & Taylor","Jo6WrU2P4wo",354
"Republicans vs. Romney's Record","2fJhF6uctfM",355
"Get Ahead | Hillary Clinton","BFQmhGrdxxE",356
"College Affordability | Hillary Clinton","_GL-N-ahseU",357
"Bernie Sanders and the Gun Industry","XhAvMlFbkQ0",358
"The World | Hillary Clinton","Z9JthKUrLfA",360
"Real Progress | Hillary Clinton","aBLTRL7NqC4",361
"Stretched | Hillary's Plan for Raising Family Incomes |  Hillary Clinton","rUDmtEKPnVk",362
"From The Desk Of Donald Trump: Iran and Occupy Wall Street","MWqRIasCf5A",363
"From the Desk of Donald Trump: Major Announcement","MgOq9pBkY0I",364
"From The Desk Of Donald Trump: Inconsiderate Obama","NFMDNg9VGIQ",365
"What advice would you give your younger self? | Quick Question | Hillary Clinton","IAA06j_5H1w",366
"Why","-ueDIgMCO-Q",367
"Clear Difference","gq-i8fTlExs",368
"From The Desk Of Donald Trump 3/31/11","DXU7_cwavzg",369
"Get Out To Vote - Ohio","6weba4SZubI",370
"Caucus Tuesday | Hillary Clinton","S1u7Lcb6rpI",371
"Aidan | Hillary Clinton","mVRJX_RjPic",372
"Totally Weak","Rk3fa63VYrY",373
"Senate Jeanne Shaheen Endorses Hillary Clinton 2016 | Hillary Clinton","8FeDXEEio7s",374
"The Next Generation: Donald Trump Jr.","mFmNMoSvdWE",375
"HIPPY program: supporting children and working families since 1985 | Hillary Clinton","C2qfOwpQv7U",376
"Bernie Sanders on Obamacare","xyXpKa_Wkgg",377
"Secure | Hillary Clinton","FhuwWTIcT24",378
"Community meeting in Flint, Michigan | Hillary Clinton","Vj7DT93C3_Y",380
"Valentía | Hillary Clinton","AKMSuTI8XRk",382
"Ted Cruz and Donald Trump's Anti-Muslim Rhetoric is Wrong and Dangerous","p83NI0LP270",383
"Florida - Early Voting","Dxrb00piJ7w",384
"President Bill Clinton on Hillary's leadership in addressing Flint's water crisis | Hillary Clinton","wrLf-_Knqsc",385
"Inequality | Hillary Clinton","k1-e6ihU5Og",386
"GOP DEBATE 12 15 2015 720P","Prt5_sd0N2s",388
"Ask yourself | Hillary Clinton","1BD3EhXScvc",389
"Eagle | Hillary Clinton","tPydLh_2tB8",390
"Breaking Barriers | Hillary Clinton","cYPwaCjotcY",392
"Sara | Hillary Clinton","3l_hgD9QbFc",393
"The Party of Trump","ILhqWoZwYR0",394
"Wrong For Ending Gun Violence","yd65htZQKJw",395
"Vote March 15 | Hillary Clinton","reslKS3Lfyw",396
"Who won the Debate Last Night?","uDvH-edt_8Q",397
"Hillary Clinton Speech at the New Hampshire Democratic Party Convention | Hillary Clinton","RjarHX2MGTQ",398
"Trump Lies Rough Cut 3","4xRi8Vlptag",399
"Massachusetts - Caucus April 30th - We Need You!","pS7w0GXNYw8",400
"Law Enforcement Respect","Z602D30KUX4",401
"Get Out To Vote - New Hampshire","jp3rQ9XKsTg",402
"John Sweeney Interviews Donald Trump- Unaired Footage 2013","hZlHvVbHqVI",403
"Warren Buffett on why he supports Hillary Clinton for president | Hillary Clinton","rq_0un5CPSo",405
"Every Child | Hillary Clinton","U22UuYAHO0I",406
"Bernie Sanders Avoids the Specifics","eJ9qKrWdIuw",407
"From The Desk Of Donald Trump 8/2/11","2j0OrecMt9E",408
"Caucus March 6 | Hillary Clinton","jhSgDS3iHU8",409
"Wrong on National Security","PYn2yY57qdA",410
"Pharrell Endorsement | Hillary Clinton","wMxhIH0Gqks",411
"Hillary's Vision For a New Future With Cuba","Ddve5VjOfgs",412
"Sanders Praises Bill Clinton","XOum1pNjm8E",413
"Make a Difference","MhmM6MKsPQw",414
"Brave | Hillary Clinton","ttbv0U3jRBo",415
"Loris and Ampad","414qXn66t3I",416
"Caucus Sunday | Hillary Clinton","aebv9UD5Rrs",417
"Strong for Rachel","1e2jF52dlh4",418
"Bernie Sanders: Wrong on Immigration Reform","RMy1rjyupEI",419
"From The Desk Of Donald Trump 8/26/11","V_1irekWZJ0",420
"This House | Hillary Clinton","UQEKWLo6O2c",421
"Political Correctness - Donald J. Trump for President","SYIinBKejnM",422
"The Celebrity Apprentice Video Blog Week 1","AQdDpJ5nFQo",423
"Who He's Talking About","-R03Hli9cHo",424
"Stand | Hillary Clinton","1p4uWHI6GhE",426
"A Dangerous Vision","00bn0_mlo8I",427
"From The Desk Of Donald Trump: Afghanistan","zPYfdDxt1cI",428
"I Believe | Hillary Clinton","gCRhpJxNabc",429
"Vote for the CENTURY 21 SuperBowl Commercial!","7EI-8CDI8DA",430
"Clip B","V8XvOeVqSTg",431
"Why does watching how-to shows on HGTV relax you? | Quick Question | Hillary Clinton","q98NpCYtB5c",432
"Fighting For You | Hillary Clinton","QfwhI5N95y8",434
"| Hillary Clinton","vgG7vk6gKps",435
"Overnight | Hillary Clinton","ggnVd_IZHzw",436
"Vote March 15 | Hillary Clinton","0E-MxF0aahA",438
"Hillary's Official Campaign Launch: Highlights! | Hillary Clinton","DZuVquSU_Uw",439
"Inequality | Hillary Clinton","d1RbRWc6v5o",440
"Planned Parenthood| Hillary Clinton","EK30NZBx4m4",441
"Hillary Clinton thanks SEIU members for their endorsement | Hillary for Labor | Hillary Clinton","QN5Mjfpngt8",442
"Trade War","adeKc6dbsI0",443
"Donald Trump & Robert Kiyosaki: Midas Touch- Strength of Character","X6QNKmXbYlU",444
"A question about the Girl Scouts | Hillary Clinton","BJRHHSnXDPo",445
"Get Out to Vote - Ohio","JprnzR9KsVo",446
"A Picture for the Mantel | Hillary for New Hampshire | Hillary Clinton","_BdxSCJyiKU",447
"What He Said: Cruz Goes Off on Trump","X7ijs1soY90",448
"Tom Harkin Endorses Hillary Clinton for President in 2016 | Hillary Clinton","hqzI41PmmBc",449
"Stand | Hillary Clinton","hYl69PAeN-4",450
"Life Changing Experience - Donald J. Trump for President","FpkDL3G7AoY",452
"The Same | Hillary Clinton","oxNZ14u7DV8",453
"Get Out To Vote - Connecticut","3TLfvYgPwRo",456
"Fact-Free GOP","JR9_IdQG584",457
"Self Funding Campaign","qMJv83uYfRw",458
"The GOP on Repealing Obamacare... They're All the Same.","a31Piy2Gyhg",459
"Christina Aguilera | Hillary Clinton","4QbR_srfO8w",460
"From The Desk Of Donald Trump: The Republicans must defeat Obama....","fZb9ic7Vuz4",461
"""It Makes Binders Full of Women Seem Quaint""","_IIZaQrzAPE",462
"From The Desk Of Donald Trump 3/1/11","B5Yc78ieF60",463
"From The Desk Of Donald Trump: The Dark Knight Rises","oxyPQ4_Xeqc",464
"Sueños","Sg3sRXJ2sWE",466
"Do you have any family memories that still make you laugh? | Quick Question | Hillary Clinton","9YQx4u_zqlI",467
"New World | Hillary Clinton","g0iEUfedFkM",469
"Trump Lies Review 2","6r2Tq_57oPM",470
"Secure | Hillary Clinton","42N-ixoN5BY",471
"Trump Ocean Club Panama","BMSlAb4RD7M",472
"waterfalldocedit116dl","1I7uFYpxoTk",473
"Trump Park Avenue: Penthouse","8gvcxZk5Bxc",474
"Secretary Hillary Clinton's Opening Statement from the First Democratic Debate | Hillary Clinton","2HkCYLcDB5I",475
"The Celebrity Apprentice 2015 Press Conference","s0q5805aQ8A",476
"Thank you, New York | Hillary Clinton","Z1wRoI-8dhg",477
"The Same | Hillary Clinton","RCpeNaC_ee0",478
"FRIDAY HOT TAKES 4 22 2016","5hCOeGmU-Ko",479
"Una valiente | Hillary Clinton","17-ePkOrYLc",480
"Rough1 1 2 3","S7n70X9eqEI",481
"Trump Lies Rough Cut 2","LeSBrupU9vQ",482
"From The Desk Of Donald Trump 7/18/11","v42x0L3mZD0",483
"Breaking Barriers | Hillary Clinton","2lPtJ92-wqc",484
"PH27 Final 01 13 16","n6jBD8OZDws",485
"From The Desk Of Donald Trump: Gasoline Prices Skyrocketing","nN7KZbKuUzg",486
"Part 2 | The History of ""Women's Rights Are Human Rights"" | Hillary Clinton","XoieqmB5CRs",487
"woodhouse typing","9aebym5V2_4",488
"Standing | Hillary Clinton","vgG7vk6gKps",489
"John Kasich - All Talk No Action Politician","iibsiauLgOo",490
"Hillary For Labor | Hillary Clinton","b38w2dEGbE4",491
"DEBATE 1","W-0E95-qrCQ",492
"Who She Is","takC6hfAew4",493
"Paygap | Hillary Clinton","KCjU6by8F28",494
"Strong For Equal Pay","u-s7tPBzLcU",495
"From The Desk Of Donald Trump 4/21/11","Qx_jb7-N0oA",496
"Stringout2","seyeqv474o4",497
"Paygap | Hillary Clinton","0E-55gx9QLQ",498
"Stood Strong | Hillary Clinton","AF-yqqdKXsI",499
"From The Desk Of Donald Trump: Celebrity Apprentice App","F9sKdyfWPHc",500
"Donald Trump Presidential Announcement Full Speech 6/16/15","q_q61B-DyPk",501
"President Bill Clinton on how Hillary is the leader America needs | Hillary Clinton","5koAaDopBW8",502
"Get Out To Vote - New York","IaVoApJiem0",503
"Trump University Truth","QqfsbQGPLAE",504
"Hillary and supporters in Memphis, Tennessee share a moment about prayer | Hillary Clinton","6H3lsqYgJI4",505
"The Gowdy Interruption","n1s_D0rl0IU",506
"Thom Hartmann","C7WUtWr6juc",507
"Real Life | Hillary Clinton","QxnxeD5LNJQ",508
"""We need more love and kindness"" Hillary Clinton victory speech in South Carolina | Hillary Clinton","nD1QaeeZ-gw",509
"Taking Trey Gowdy at his word?","qjecIfFpRiE",510
"Donald J. Trump 360 Video New York Primary Victory Speech 2016","jHiLFECJWXc",511
"Reverse | Hillary Clinton","1xJuhOiEpM0",512
"Dirty Tricks","3eta0VQRCAo",513
"Cruz String Out","OsK4BQaWkH4",514
"Bully | Hillary Clinton","elEn2NgJSEI",515
"Fighter | Hillary Clinton","l_GYGsIpP54",516
"Breaking Barriers | Hillary Clinton","krqdKZ2twRk",517
"Secretary Hillary Clinton's Opening Statement from the Third Democratic Debate | Hillary Clinton","AY9556iNkno",518
"David Brock's Speech Debunking the Benghazi Committee","GVlRyUI2KCg",519
"NRA Explainer","BUxN4HvKXho",520
"Curbing Gun Violence, Protecting Executive Action","G0QKkSWQVn8",521
"Where Are Trump's Tax Returns?","MHg7sYnMzks",522
"This House | Hillary Clinton","SIMqCjUT4VY",523
"Introducing the Real Jeb!","SOOc9dA7H6w",524
"Friday #HotTakes | 12.03.2015","uF8lMIr0XSc",525
"Jeanne Shaheen Endorses Hillary for America | Hillary Clinton","M0qkGyjIDqc",526
"GOP Love: Happy Valentine's Day","MhdjBSBR--o",527
"Bernie Sanders Crimeria?","AwMjuoNKoD4",528
"From The Desk Of Donald Trump: The Republican Candidates","dj8f2LVXlx8",529
"Great America PAC Strategist Ed Rollins on Lou Dobbs","9KguIc5PuYk",530
"Keith | Hillary Clinton","Fpq39ZEd9kc",531
"Texas - Be a Delegate","JDcvU2I9tMY",532
"Hillary Clinton answers a rabbi's question on ambition and humility | Hillary Clinton","CWS21zYx6J8",533
"Ivanka Trump Radio Spot","bOGD9mvzIi4",534
"""44 boys is too many!"" Little girls write letters to Hillary Clinton | Hillary Clinton","-GzGAW7k2V8",535
"This House | Hillary Clinton","WbeqdXGoAz4",536
"From The Desk Of Donald Trump 7/25/11","XyS8lVjIlMo",537
"Fortitude | Hillary Clinton","lQREquX0dpo",539
"Trump International Golf Links Scotland","LkbPo8_Qd5Y",540
"Vote Tuesday | Hillary Clinton","qDiiYgyTrW4",541
"Hillary Clinton Super Tuesday remarks: we must make America whole | Hillary Clinton","fsR8wK5XqUM",542
"Washington - Mail-in Voting","xRsQvmknWCc",544
"How to Interrupt, By Benghazi Committee Republicans","FxqXHsjNBrE",545
"From The Desk Of Donald Trump: Dick Cheney","yv16CWJqUT4",546
"The GOP Responds to Robotic Rubio","AYfMxE-sVIQ",547
"The Republican Nominee","NJua5CzATyI",548
"Stronger Country | Hillary Clinton","ItNy47cBNgY",549
"Friday #HotTakes | 02.19.2016","mXVA-ALEoxE",550
"Quad City Federation of Labor’s Salute to Labor Event | Hillary Clinton","daEIT2qMRyc",551
"Trump: A Candidate Mom Wouldn't Be Proud Of","opoQMOIrPFU",552
"Brave | Hillary Clinton","oDW6vtqSCtU",553
"Brave | Hillary Clinton","qrPWzavUIzw",556
"Held To A Different Standard?","WAOVWBzRN-k",557
"The Real Agenda of the Benghazi Committee","St3EVx6Tckg",558
"Hillary Clinton speaks about jobs and the economy in Detroit, Michigan | Hillary Clinton","XF7n94S2F3Y",559
"Flint | Hillary Clinton","w1F3pImyGAY",560
"Caucus tonight | Hillary Clinton","fEvYqe9TaKQ",561
"Part 1 | The History of ""Women's Rights Are Human Rights"" | Hillary Clinton","o6VyLiy6bug",562
"Ivanka Trump Grants Linda's Wish","rInhBpLbPjU",563
"Rough Cut Trump Lies Long","ljcPUkeMpVk",564
"Caucus Tonight | Hillary Clinton","aWFay6WxKkg",565
"All The Good | Hillary Clinton","OBfMLlGV7WU",566
"Hillary Is Qualified","qaegVgQAKms",567
"Friday #HotTakes | 01.29.2016","tFkOF1J97Cc",568
"What's it like to watch football with your family? | Quick Question | Hillary Clinton","eXounWx4InY",569
"Brave | Hillary Clinton","Mz7ITku5GQ0",570
"Hillary Clinton: ""I'm the one they don't want""","G3pG_C9wFTk",571
"Friday #HotTakes  | 11.20.2015","8XVkU4U_saw",572
"Ed Rollins on Fox News discussing Great America PAC","u4p90xqFsmo",573
"Donald Trump & Robert Kiyosaki: Midas Touch- Focus","8mFKAzjanWk",574
"The Letter | Hillary Clinton","1_PGGFGigfQ",576
"A president who brings America together | Hillary Clinton","3T6jF3XW1uU",577
"Trump: Grand Old Party 2015","VWDLcm8ryiM",578
"Stand | Hillary Clinton","rh1SB6qkL5w",579
"Caucus Tonight | Hillary Clinton","W28j0j6Hlo4",580
"Eric Beach on CNN 2016","HUiWd6jWBuU",581
"She Can Be Anything | Hillary Clinton","FxaY-eV7_gE",582
"Una Bandera | Hillary Clinton","xqSMtoPC7uw",583
"Incredible | Hillary Clinton","HUzuk-GzZuc",584
"From The Desk Of Donald Trump: Oscars' Biggest Losers","v6uLhYH2EkA",585
"Love and Kindness | Hillary Clinton","GHp69F7vrLU",586
"The GOP on Muslims: Cut It Out","hEQj4f4im_M",587
"Smart Leadership | Hillary Clinton","ubuQiwxLYMw",588
"Tom Harkin Endorses Hillary Clinton for President in 2016 | Hillary Clinton","EjnnRgavk5E",589
"A Gaffe","SzFUEBm6WRI",590
"Gender Card | Hillary Clinton","Udti3PS1ppQ",591
"Self Funding","O87ix4cVz5g",592
"Planned Parenthood | Hillary Clinton","jqdqgDFB_BQ",593
"The Donald Trump Guarantee! #GOPDebate Edition","gFea2DvlHdg",594
"Trump International Hotel & Tower Chicago","pDSsUF7gIv4",595
"Hillary's Campaign Kick-off Trip to Iowa in 100 Seconds","3Nc8OxgF1lI",596
"President Bill Clinton asks Oklahomans to get out the vote | Hillary Clinton","D9bw_JWRPrM",597
"Hillary's Message to Survivors of Sexual Assault | Hillary Clinton","sQ7543nJngk",598
"Hillary Clinton at the 2015 U.S. Conference of Mayors | Hillary Clinton","j5Xv80YydnI",599
"Hillary Clinton GOTV | Hillary Clinton","Iup7LazaMsg",600
"Friday #HotTakes | 03.11.2016","qKUodP771Ls",601
"Rubio Gives Up","YKuEhQckQps",602
"From The Desk Of Donald Trump 4/28/11","oo1BLSf02Zo",603
"From The Desk Of Donald Trump: China Is Laughing...","Iyae36yHp54",604
"FRIDAY HOT TAKES 4 15 2016","G0mn3wYKA_c",605
"Dorothy | Hillary Clinton","kNLwH8AEa7Q",606
"Congressman Luis Gutiérrez on Hillary Clinton's support for immigration reform | Hillary Clinton","pNFNhhNioNo",607
"Donald Trump's Super Tuesday","DLs97oFrmsk",608
"""Woman Card""","OnrHrJroYjU",609
"Bernie Sanders and the Gun Lobby","dJ60aJxlufI",610
"New Obama Video","-AxNgZr23tE",611
"Broken | Hillary Clinton","SZW4ZYb1hfE",612
"The GOP's Anti-Muslim Rhetoric","nbY-GBL3m9g",613
"Better | Hillary Clinton","3AD7qpdqyvo",614
"The fight for LGBT equality is not over | Hillary Clinton","nRw_lwKUCMw",615
"The GOP on Gay Marriage... They're All the Same.","NeofExAKC7M",616
"Great America PAC Co-Chairman Eric Beach on Fox 11","zDKatlQ9IRY",617
"If You Vote | Hillary Clinton","4LyINIjYJCc",618
"Mr. Trump's 757","UZq3iCn2y74",619
"Thank You from a Student Parent Raising Children while in College | Hillary Clinton","vAgIN0rM0uw",620
"Our First-Ever Friday #HotTakes!","oSj-a3acfo4",621
"Stage","oLo0Jwj03JU",622
"The Best (Or Worst) Moments From The GOP Debate","zQMsmnqH-Io",623
"Hillary Clinton GOTV  | Hillary Clinton","fBWROcPeZpU",624
"Olivia | Hillary Clinton","8QFSXdvHD14",625
"Bernie Sanders: Unabashed Obamacare Critic","AoZq7LLkOr8",626
"Together | Hillary Clinton","K7Dn-4LDUw4",627
"College Debt | Hillary Clinton","3hnXc7rbG30",628
"Live from Iowa: Launch Party with Hillary | Hillary Clinton","KWYP1saPKVg",629
"Fox and Friends - Ed Rollins - Great America PAC","zGlpekn0Onc",630
"Friday #HotTakes | 03.4.2016","awUl0NdmKD0",631
"From The Desk Of Donald Trump 6/1/11","SL1PUpB6oaA",632
"Deeply Disappointed?","aYKhKesMS5w",634
"Valentía | Hillary Clinton","_tkgM3N8IYg",635
"Vote March 15 | Hillary Clinton","a020uM1HjWY",636
"Caucus March 5 | Hillary Clinton","_6_9tzxuK-E",637
"Ivanka Trump - Get Out To Vote South Carolina","T1qp7j0fb9g",638
"RADIO 1 LA March 5th","m4eKxeJu33E",639
"Congressman John Lewis speaks about voting rights | Hillary Clinton","sT8pS-6HkZI",640
"Easy As 1,2,3 | Hillary Clinton","7d-h_hFZuzU",641
"Senator Cory Booker takes over Hillary's Snapchat account | Hillary Clinton","PKhg-Cgd2tM",642
"Clip A","-2FM9TJdBYk",643
"Hillary Wins Iowa","UdGE9JekkNo",644
"Breaking Barriers | Hillary Clinton","__QyQCgTeKU",645
"Shamed | Hillary Clinton","3VFrVmt6Tww",646
"Vander Plaats' GOP","Hxzr06UeL3Y",647
"The GOP on Supporting Trump... They're All the Same.","CCVVJMD87ns",648
"Epidemic | Hillary Clinton","dLnFbypm1pM",649
"Hillary Highlights from the Democratic Debate","r5N9u-ZP8sg",650
"It's Your Party, You Can Cry If You Want To","qeYHCikU1zc",651
"NRA Explainer","ih9l9LIGvwM",653
"Doubled | Hillary Clinton","zdbd9W_PdoA",654
"Cruz Control","V4wZf6DW8fQ",655
"From the Desk of Donald Trump: Obamacare","NwHrBlOAA6I",657
"GOP Tax Plans: Same Old Story","4tzIuvsjewU",658
"From The Desk Of Donald Trump: Will Smith","oV8vjFDVzhk",659
"stringout","caD7NJYhJDc",660
"Decision | Hillary Clinton","9smigc2Za6o",661
"Believer | Hillary Clinton","uw76aZxGV2Q",662
"It's Your Party, You Can Cry If You Want To","ItDRAg4DgZQ",663
"From The Desk Of Donald Trump: President Obama's Dismal Record","UXAJX3cBHQo",664
"To: #‎USWNT‬","98llaBhhuUE",665
"Get Out To Vote - Idaho","Hf7xmPbEAqE",666
"Carole King addresses the people of Salem | Hillary Clinton","AM-_AGEJwMQ",667
"Donald Trump & Robert Kiyosaki: Midas Touch- The Little Things","QQtqGKMDiEY",668
"Cheryl | Hillary Clinton","3MAUuuxNkEM",669
"Defend | Hillary Clinton","IDJnpeEj9i4",670
"The Same | Hillary Clinton","J8h7V261UQg",671
"Ivanka Trump Spring 2013 Collection Photo Shoot","H5RklYOMyyU",672
"Get Out To Vote - Arkansas","MKOmS596sR8",673
"Bernie: ""We're Not Republicans""","IJ093tk4s0o",674
"Iowa Caucus For Hillary","Zz97YvPl_WQ",675
"Ladders | Hillary Clinton","uTFFaWMqHUw",676
"GOP Debate: It's A Brawl!","j2iBKsTZYj8",677
"Oklahoma | Hillary Clinton","zny0SBILTCg",678
"From The Desk Of Donald Trump- My Desk","5EzDR1YUs7Q",679
"Get Out To Vote - Colorado","6xtBedRrRhA",680
"2nd Amendment - Donald J. Trump for President","HK72oYplI1g",681
"Bernie Sanders Praises Bill Clinton","C9EWyRGVf_o",682
"Corrupt Marco - TV Spot","_pvirKqHy1g",683
"Donald Trump Jr. and Eric Trump ALS Ice Bucket Challenge","_l-C6Cpkd10",684
"David Brock 1","9duPNUSI5uQ",685
"Renée Elise Goldsberry sings the national anthem at Harlem organizing event | Hillary Clinton","mBMfZTFipz0",686
"Hillary meets a little Hillary | Big Questions, Little Supporters | Hillary Clinton","lrmpq91B0HQ",687
"Why is Zach Wahls, Iowan and LGBT activist, a Hillary supporter? | Hillary Clinton","gZVbkRSiQ1w",688
"Trump Park Avenue, Penthouse 27","n6jBD8OZDws",689
"Chairman Beach on CNN","XOGCzP26Zno",690
"Awesome | Hillary Clinton","2wDcKPnbgfQ",691
"The GOP's Crisis of Faith","LC4zMYjFPTo",692
"Real Progress  | Hillary Clinton","DMioVnFc-z4",693
"From The Desk Of Donald Trump: China","lLIrk55EKPI",694
"Dorothy con subtítulos | Hillary Clinton","oQe18rM4gRM",695
"Trump International Realty: 38-44 Warren Street #7C","UN4N5Nm7Llg",696
"When this woman had emergency surgery, the Affordable Care Act saved her life | Hillary Clinton","qNzyaVjbKjg",697
"The water crisis in Flint | Hillary Clinton","9rki_3VEJ5w",698
"Marco Rubio's 3-2-1 Strategy Fail","hwgxpe4Lhuo",700
"Trump Wants Guns in Schools, Clinton Wants to End Gun Violence","qO73hLFiHCY",701
"Peppers!","nR0O26FYZdI",702
"Shamed & Blamed | Hillary Clinton","0O-UirV_cTM",703
"Join the Movement: Women for Hillary | Hillary Clinton","p5w50DSCI5s",704
"Chairman Rollins on Fox and Friends","PSV_yzCzbg0",705
"Strong For Comprehensive Immigration Reform","N8whvqPI9jc",706
"March 1 Primary | Hillary Clinton","Cq_s98rC1X0",708
"Media Roundup: Bernie Sanders Calls Hillary ""Unqualified"" to be President","L0mCEyPg1VY",709
"Eric Beach on Fox and Friends discussing Donald Trump","6sPr7JZ1u-k",710
"The Celebrity Apprentice Live Finale This Sunday...","daJ20bFQpM4",711
"The Deck Is Still Stacked","8aDRZ0akDJY",712
"Progress Together MN | Hillary Clinton","xflegcCZ3F8",713
"Breaking Barriers | Hillary Clinton","Kg_zovwWK24",715
"50th Anniversary of the Voting Rights Act | Hillary Clinton","2UHJjZhMPJM",716
"Hillary Clinton Channel Trailer | Hillary for America | Hillary Clinton","mTLRRGiMyJA",717
"Marco Rubio - Another Dishonest Politician","5HrkY-x4S9s",718
"Party of the Past","ZkkHqOegzzk",719
"Easy as 1, 2, 3 | Hillary Clinton","6DBZULxEvdk",720
"Easy as 1, 2, 3 | Hillary Clinton","oE7ltdxC4S4",722
"Real progress now | Hillary Clinton","MKKjGW4fVcU",723
"Rubioverload","HbeLUDL4zpU",724
"Guy Cecil on ""With All Due Respect"" 3/23/16","ZhweQDe5aqE",725
"US Women's Chamber of Commerce endorsement | Hillary Clinton","3-dOWUi4Fj0",726
"Mother's Day","qqnvSkoAsHU",727
"Fortitude | Hillary Clinton","rM77go9nhrQ",728
"Trump: Poll Tested, GOP Approved","O0L8Ds0nODM",730
"Chairman Beach on Lou Dobbs, 5/19","I4nuukdiNfU",731
"Wind Turbines","frBR64H2bTw",732
"300 | Hillary Clinton","pqobFE4I4PA",733
"The Same | Hillary Clinton","k6igb7UH4ac",734
"Punishment","EbfH9pQJWKY",735
"From The Desk Of Donald Trump: Time To Get Tough Book Signing","ou3cBk5tli4",736
"100 Days until the Iowa Caucus | Hillary Clinton","NAHhggevJm0",737
"Goodbye Don Francisco and Sabado Gigante | Hillary Clinton","lsCWDMXis0o",738
"Planned Parenthood endorses Hillary Clinton | Hillary Clinton","ENfEKHnbInA",739
"Get Out To Vote - Texas","DGg0cLKrzLk",740
"Our community | Hillary Clinton","iQaGrZ4WIfI",741
"Bernie Sanders Fear of Immigrant Labor","L0hOKw6C1VQ",742
"Drug Epidemic","OfWidZH0xBs",743
"Celebrating the Nevada Caucus victory | Hillary Clinton","TqrwDMTByNM",746
"Virginia Debate Watch Party","nuQPWkotlmk",747
"Bernie Sanders... #ImWithHer","gMvn5FcVdJk",748
"Hillary Highlights from the New Hampshire Town Hall","AL3wAncIHIk",749
"NRA Explainer","RnD4SnJXg2s",750
"Get Out to Caucus - Hawaii","RhNJLFaSRQQ",751
"The Most Important Caucus | Hillary Clinton","ImaasRN0BJQ",752
"Hillary on the Trail | Hillary Clinton","FVObXebG9sc",755
"Trump Golf Links, Ferry Point Grand Opening","gua0pVYIuCU",756
"The Celebrity Apprentice Video Blog Week 2","0PFJ5MpcQoE",757
"A special lunch with Hillary | Hillary Clinton","RG9rPxT86Go",758
"Johnson Controls | Hillary Clinton","GIssKIHfUAI",759
"Donald Trump's Ceiling Continues to Grow in the Republican Primary","29lRW6Iwaws",760
"Caucus March 5 | Hillary Clinton","RbDClbJXp0o",761
"Where Are Trump's Tax Returns?","MftjfAkFKXI",763
"Thom Hartmann","_cEyHOiv2R0",764
"Inequality | Hillary Clinton","6yV3SedvGGQ",765
"Rubio South Carolina","9AKz8citpyQ",766
"Rollins FBN 05 11 2016 23 16 39","9KguIc5PuYk",767
"New World | Hillary Clinton","srJo8x_2xjI",768
"From The Desk Of Donald Trump 4/15/11","KLMusUa0vSI",769
"Vote March 8 | Hillary Clinton","iI9powcFBRw",770
"Lena Dunham | Hillary Clinton","xhjkIZsYcKQ",771
"Trump National Golf Club- Westchester","dXPZ7gXICL8",772
"Fighting For You | Hillary Clinton","WBv38lAqkH4",773
"Gov. Granholm Takes on Ted Cruz's Extreme Rhetoric","_TL5-Jwn8r0",774
"Angelina | Hillary Clinton","QTNVLkrZrdQ",775
"Support and Stand with Planned Parenthood | Hillary Clinton","Xq1_WjeNOCM",776
"Rubio Rave Remix (feat. A. Cooper)","QTA1qL-cpbU",777
"Brave | Hillary Clinton","MO4OAszUcbM",778
"Her Fight | Hillary Clinton","AfXujV3OV_8",779
"Ladders | Hillary Clinton","x9BDtCNXxpM",780
"Donald Trump's ""Foreign Policy"" Experience","Xu5vfaZdefQ",781
"Happy Father's Day!","K2IKGxp4TO0",782
"New York | Hillary Clinton","Wmzc0hvB-oY",783
"Brave | Hillary Clinton","26zFKcQKz6k",784
"Hillary Clinton Wins Another #GOPDebate","_Q0tUBqTCUU",786
"Super PAC Fact Check","rjrhM5LEpr4",787
"""That's Our Gal"" | Hillary Clinton","Ij4Mf2eSyG4",789
"Epidemic | Hillary Clinton","wPJNqeCm9iM",790
"This House | Hillary Clinton","aD3J_Pw-f5k",792
"Fading Expectations","-MLVmicjAzI",793
"Senator Jeanne Shaheen Endorses Hillary Clinton for President | Hillary Clinton","35wjxYNu8BM",794
"Get Out To Vote - West Virginia","uKYQ6M3PHh0",795
"Get Out To Vote - Delaware","ARDaGQ9Qhus",796
"Gender Card | Hillary Clinton","nt9rRImDR9U",797
"Mothers of the Movement | Hillary Clinton","oHDEsIklvjs",798
"Jeb Multicultural Convenience","QGxRAdli6uw",799
"Joe Scarborough on Marco Rubio: “He Just Lied”","2GFLtT9SWcI",800
"Trump Park Avenue: Residence 8A","0g9fz-Zk7wk",801
"Lawrence O'Donnell","KgWRReIe_1A",802
"From The Desk Of Donald Trump 6/14/11","ECgStZe-R-I",803
"Friday #HotTakes | 03.18.2016","i1uPGBCVRhw",804
"This House NV | Hillary Clinton","FsqF1vTajIk",806
"Behind the Scenes of The Ivanka Trump Collection Photo Shoot","pZ5Os28RQ-o",807
"Two Words | Hillary Clinton","6tdbuVcb89Y",808
"What Does Hillary Think of the Other Candidates?","sdxFFg_HIgA",809
"Hillary Clinton: We Should Make It Easier to Vote","Fl6XFatFTjs",810
"Clip D","OSVsYi1FL-Y",811
"Reverse | Hillary Clinton","0q87wZBs93Y",812
"From The Desk Of Donald Trump 3/14/11","0bPuciRw04U",813
"The Establishment","ieOaXjlV6Uc",814
"Ignoring Progress","PtfTiWRzSow",815
"Hillary's Fight Against Citizens United | Hillary Clinton","oABt-UqdUDw",816
"Hillary Calls for Gun Violence Prevention Reform | Hillary Clinton","X-D3_35Jbaw",817
"Inequality | Hillary Clinton","pvMzVheEipc",818
"Friday #HotTakes | 12.11.2015","cZdJsLCDd_8",819
"Donald Trump Doesn't Know the Meaning of Great","SbbtAOosC7g",820
"Have you ever won a drinking competition? | Quick Question | Hillary Clinton","75x6nb5NqYM",821
"Connar's Story | Hillary Clinton","0K6Jj-IiyB0",822
"Friday #HotTakes | January 8, 2016","VXBFciXg__I",823
"Hands Down | Hillary Clinton","6YTSniDAqo8",824
"Ed Rollins Mentioned on Fox and Friends 5 20","e8ib9lnR3QE",825
"""Getting Started"" supporters: Sean | One year since launch | Hillary Clinton","5GM3cguzWGU",826
"The Same | Hillary Clinton","prbiwqfuw84",827
"Jeb Can Fix It!","w0QgoFt-LfQ",830
"Donald Trump Doesn't Know the Meaning of Great","UNxcImQ7SPk",831
"Dangerous Plans","FaZyDp44HEc",832
"One Week Down, 26 To Go!","IniQ-97rKbg",833
"Reactions to McCarthy's Gaffe","-5VUmlZFGaY",834
"Hillary Clinton addresses an overflow room of supporters in Atlanta | Hillary Clinton","LIm-WTuiBRM",835
"Get Out To Vote - Oklahoma","Gh2V-UB1I8g",836
"Caucus Saturday | Hillary Clinton","1UclJDGtzmo",837
"Rough2","mAMcgvOT_Ws",838
"Friday #HotTakes: HOLIDAY EDITION | 12.18.2015","qSvyahBddCk",839
"Meet the Trumps","wBnBcqNJQtc",840
"Hillary Clinton delivers remarks at Michigan Democratic Party reception | Hillary Clinton","IEobNC8d6M4",841
"Get Out To Vote - Minnesota","WyvbMUoFhwU",842
"Priorities USA Action: ""Olive""","UPWn42KXG9M",843
"""We need you"" says President Bill Clinton to volunteers | Hillary Clinton","LMkFYNolhyM",844
"| Hillary Clinton","npMwlCO4Cww",845
"Chairman Beach on Varney and Co., 5/19","HyB4TuEfYUc",847
"David Brock","ccgEtKlhzYw",849
"Her Fight | Hillary Clinton","TPWPXoVTz8M",850
"Unpresidential","LbVW9CPawyE",851
"New World | Hillary Clinton","H-8eVxKEaUQ",852
"Hillary Clinton's record of fighting against inequality | Hillary Clinton","ExXjQYugtQM",853
"BERNIE FLOOR","ENo6eLon5vI",854
"Job Killing Ted","YN6q2-TWxm0",855
"Bill Clinton GOTC | Hillary Clinton","MwWTRGCl96Y",856
"Illegal Immigration","khD3gJGLvQo",857
"Strong For Immigration Reform","4hgHCJhz_LU",858
"Obama hating rough cut","6VGSAFVMqgg",859
"Hillary celebrates American hero Humayun Khan | Hillary Clinton","dGV29YP_III",860
"Bernie Sanders: 13 Pinocchios","zTt_1M8I9m0",861
"From The Desk Of Donald Trump: Occupy Wall Street","06wj5CDqjeE",862
"Reshuffle the Deck and Rebuild the Middle Class | Hillary Clinton","pw6JRuItcus",863
"Bernie Sanders: Unabashed Obamacare Critic","l5nmmX3WyNc",864
"Week One | Hillary Clinton","9U1lYqJxF_M",865
"Ivanka Trump Fashion's Night Out","G2qajc09Wzg",866
"I'm With Him | Hillary Clinton","UbEalLMQvOw",867
"Long Criticized","nlxPt-CvD9E",869
"Same | Hillary Clinton","-LdYSsmdwQ4",870
"Ivanka Trump - Early Voting in Texas","15xhSl5KhUw",872
"Forward | Hillary Clinton","XM12zM1JQfo",873
"Donald Trump ""Hoped"" for the Housing Market Crash","I-9S52ARVTI",874
"Hillary calls for an end to predatory prescription drug pricing | Hillary Clinton","O1agwRpu0GM",875
"Hillary Clinton GOTC | Hillary Clinton","fn9CTctMDK8",876
"Ted Cruz and Donald Trump' Anti-Muslim Rhetoric","O38vGtZrbcI",877
"Get Out To Vote - Maryland","VrZkzj2Y4s0",878
"HOT TAKES 4 8 2016","fp89mxUtqXI",879
"Who He's Talking About","jf_Tm4dVSOk",880
"Donald Trump Rooted for Economic Crisis that Left Nearly 9 Million Americans Unemployed","Lb4cpi9dWk8",881
"To: #‎USWNT‬ | Hillary Clinton","98llaBhhuUE",882
"The Real Agenda of the Benghazi Committee","h9f5uoT_NCI",883
"The Same | Hillary Clinton","OMyRd1AYs14",884
"Friday #HotTakes | 04.01.2016","j2_uoVSU4u0",885
"Donald Trump & Robert Kiyosaki: Midas Touch- Brand","tbQWcqkOySs",887
"From The Desk Of Donald Trump 3/22/11","Awz7YpMpO_k",888
"Reactions to McCarthy's Gaffe","gTMfeEi5l-M",889
"Priorities USA Action: ""We The People""","cLIf8mRvzeU",890
"The Celebrity Apprentice Video Blog Week 3","OMiYdGVONaI",891
"Valentía | Hillary Clinton","5qEno4T19I8",892
"Go to Bat | Hillary Clinton","HreHQQw7peA",893
"Great America PAC - Unifier","7k8BxJ6INaI",894
"Ivanka Trump's Q&A Round 2","b2kP5bVDie0",895
"The World | Hillary Clinton","6albjBTr7xk",896
"Profit","XsJIGxZJ9XE",897
"March 1 Primary | Hillary Clinton","-IGSdVX0HDg",898
"From The Desk Of Donald Trump: Lawrence O'Donnell and Rosie O'Donnell","ucJ-OCOzb9s",899
"The Next Generation: Ivanka Trump","FNpRrwUw0WU",900
"Women For Hillary Across the USA | Hillary Clinton","p8VclF83uNQ",901
"Free Advice from the Donald: How to Hide Your Tax Returns","WelDYKy1tqA",902
"Ivanka Trump New Year's Resolution","8SAeKk1QjtE",903
"LCV | Hillary Clinton","aWrt_pY1cdA",904
"TRUMP HAS “BROMANCE” WITH PUTIN, NOT SO MUCH WITH THE UK","Rb808k8B9Uk",905
"Clip from Secretary Clinton's opening statement at the House Committee on Benghazi | Hillary Clinton","hZf5ZQPD5m8",906
"Israel","o58F_lqi-Fs",907
"Get Out to Vote - Wisconsin","I1PsOZ4YUx4",908
"Historic | Hillary Clinton","IVsrtQT7h8w",909
"From The Desk Of Donald Trump 3/7/11","U5IC1QspAf4",910
"Get Out To Vote - Michigan","s84xeuPxNiM",911
"Priorities USA Action: Connect the Dots (FL)","7XRh_ombvL4",912
"Get Out To Vote - Alabama","dC-eKJ7YuJw",913
"Self Funding - Donald J. Trump for President","O87ix4cVz5g",914
"Children | Hillary Clinton","GsxbCplcfHI",915
"Fighter | Hillary Clinton","OiOxdK7rIfM",916
"Get Out to Caucus - Utah","EcdGYvejQzI",917
"Trump Pledge","Ws68uR_FNYg",918
"Hillary's first Periscope! | Hillary Clinton","VXjAmTvhpRk",919
"Cruz Control","ck5T_KK0CYo",920
"Trump International Realty: Meet Michelle E. Griffith","nIzMBlmiXUY",921
"Hillary Clinton's Official Campaign Launch","-i8vdM15K6c",922
"Vote Tuesday | Hillary Clinton","IFvF_z1nWHU",923
"Bernie Sanders' Cringeworthy Debate","Thsjo-83SKI",924
"Bill Maher's Prediction","GPUIhz5yKeg",925
"Happy Anniversary Trump Waikiki!","UIarWDo5T98",926
"Bernie Bubbles","na02HWZ93eI",927
"""Getting Started"" supporters: Karina and Riley | One year since launch | Hillary Clinton","zevXVmshtL4",928
"From The Desk Of Donald Trump: Q & A","6s0-fcPPTLk",929
"From The Desk Of Donald Trump 3/30/11","10IVR9Z_9W0",930
"New Hampshire Primary Night | Hillary Clinton","U0BKWhaioYo",931
"The Fifth Annual Eric Trump Foundation Golf Invitational","fn0aUjX5-_Y",932
"Trump's Terrible First Week (Only 26 more weeks to go!)","vjs1gBJB8Wo",933
"The GOP: Wrong For Seniors","4LiWNU7ydnk",934
"Eleven Hours","32uI-qhhJZo",935
"State Representative Betty Thompson voices her support for Hillary Clinton | Hillary Clinton","XchjrW2dyZo",936
"Stand | Hillary Clinton","Paj0z1YEIG0",937
"Carole King addresses the people of Exeter | Hillary Clinton","aCZ47HW7dz4",938
"Predatory | Hillary Clinton","oWiytnDjHsY",939
"Hillary Wins NY!","Kd5rfC1SyL8",940
"Stand | Hillary Clinton","jTuWlHb9LuE",942
"Marco Rubio, Mansplainer","8MQpBu-U3iM",943
"John Kasich: ""I think we're fixing to lose the election to Hillary Clinton.”","9WfWTQQ8vyE",944
"Mindy | Hillary Clinton","76hY_YrAOZk",945
"Hillary Clinton speaks about breaking down barriers | Hillary Clinton","aIB6Ac8Bl1w",946
"Get Out to Vote - Mississippi","ryL5ar3RkBc",947
"Hillary For America Staff Celebrates Marriage Equality","1b7KE3cG5RQ",948
"Inequality | Hillary Clinton","ob-QEL-a9Y4",949
"Part 5 | The History of ""Women's Rights Are Human Rights"" | Hillary Clinton","xGrT0J5PTVs",950
"Get Out To Vote - Vermont","kvcQDx56iK0",951
"New York: HFA HQ, the Apollo Theater, and more | On the Trail with Raymond Braun | Hillary Clinton","G_mynZAIWPM",952
"Donald Trump 360 New York Primary Victory Speech 2016","jHiLFECJWXc",953
"Una de mis héroes | Hillary Clinton","SUi30BazWfU",954
"Priorities USA Action: ""Briefcase""","6uMlsQ9HiFo",956
"From The Desk Of Donald Trump: Iran and Iraq","_S5KUMUrBvU",957
"A Different Morning In America","DkOFqsxlfyU",958
"From The Desk Of Donald Trump: The Emmys","Py9C-PThwd0",960
"Get Out to Caucus - Kansas","of2irjoPX_4",961
"Small Business President | Hillary Clinton","uDBHD7cKvhQ",962
"Hillary Wins Super Tuesday","Lmb8ZWfSxlE",963
"All The Good | Hillary Clinton","1iDRu2q2cRw",964
"9414DLDoral","_E6uHvECfcA",965
"New World | Hillary Clinton","WgTk63b_fFg",966
"Trump Stepped Up","DQA6ge7NSgg",967
"The Third GOP Debate: Real Issues. Real Solutions.","KbIbCuijGTQ",968
"avoid showing your taxes","WelDYKy1tqA",969
"Gwen Carr speaks | Hillary Clinton","VA0G6NGyf9w",970
"Bernie Sanders' ""Sandy Hook Shame""","cC6yCdz0RIE",971
"From The Desk Of Donald Trump: Midas Touch","7q31wh8c6Ao",972
"Drew Barrymore speaks to voters in Portsmouth | Hillary for New Hampshire | Hillary Clinton","vGIZ-qOz0SI",974
"Bernie Sanders on Obamacare","AP5MdCAMR24",975
"Hillary Clinton discusses immigration with members of the United Farm Workers | Hillary Clinton","k174wsx3sqA",976
"From The Desk Of Donald Trump: Mac Miller- Where's My Money?","XzAyjtJ3s6c",977
"Mitt Romney's America","Oz1aLR05eb8",978
"Friday #HotTakes | 02.05.2016","OMOAnN0hEoM",979
"Debate Recap","__t2h5Qk3hw",980
"Stringout3","jlYGuS0AG2E",982
"Games","ZSAAqCsOVyo",983
"Getting Started | Hillary Clinton","0uY7gLZDmn4",984
"The Power of Organizing | Hillary Clinton","0EN9a27gves",985
"""Understands""","Nj70XqOxptU",986
"Sick of it | Hillary Clinton","FmlzOh-1KJA",987
"Hillary Hears a Story about Prescription Drug Costs | Hillary Clinton","Zt4twh3ik0I",988
"Donald Trump & Robert Kiyosaki: Midas Touch- Relationships","YDrthRwtXlk",989
"Fear-Mongering and Loathing in the GOP Debate","vVZc3eQqBh8",990
"Military - Donald J. Trump for President","6iZKBv8xqyk",991
"What was it like moving Chelsea into her college dorm? | Quick Question | Hillary Clinton","DQjGevKCzAM",992
"Get Out To Caucus - Maine","Cyu5VFETbNE",993
"Una de mis héroes | Hillary Clinton","Q0sB0XrH9XM",994
"The Republican Nominee","WroKfsS8xuY",995
"Get Out to Caucus - Mississippi","ryL5ar3RkBc",996
"How to Caucus Iowa - Updated","5m6ijNETbsA",997
"Bernie Sanders Voted to Protect Gun Manufacturers","X16tXdfegIM",999
"You Never Know Who You'll Meet as a Hillary 2016 Volunteer","hEXnS_gp8t4",1000
"Make a Difference | Hillary Clinton","7-9LS4KXtEg",1001
"Una de mis héroes | Hillary Clinton","9K8VFRfN--A",1002
"Sanders Praises Bill Clinton","mF2UouT42Uc",1003
"How to Stop Ted Cruz","JoO8ogi-OU0",1004
"Get Out to Vote - North Carolina","nqtYATdDm_0",1005
"Breaking Barriers | Hillary Clinton","uYm9PDzNG4k",1006
"Stand | Hillary Clinton","dTL3mk1Gcd4",1007
"Mean Tweets campaign edition with Senator Al Franken | Hillary Clinton","UeipFdLiTro",1008
"Friday #HotTakes | 01.15.2016","X144KstJUNE",1009
"Bernie Goes Negative","__3BbCy4mOw",1010
"Repeal The Romney Rule","RYIx-OmD-0w",1011
"Donnie","Fg0FW8N_8_Y",1012
"Compact | Hillary Clinton","bhKsan0PAjw",1013
"Historic | Hillary Clinton","AWuqyLHE8Gc",1014
"300 | Hillary Clinton","-ORF0m3aEl0",1015
"This is the Republican Party","2TfKZLns06c",1016
"Robotic Rubio: Marco Rubio's Bad Debate Night","sFpesnGRzSA",1017
"NRA Explainer","QuHOp1_72a0",1018
"From The Desk Of Donald Trump: President Obama's Campaign","zPwnfeTsD6E",1019
"From The Desk Of Donald Trump: State of the Union and Apple","rPXzxC866xc",1020
"Get Out To Vote - Massachusetts","nL6Hz4aT5WI",1021
"Caucus March 1 | Hillary Clinton","fFaHGmGYCDA",1022
"Hillary Clinton: I'm the one they don't want","jYCZorbZg28",1023
"From The Desk Of Donald Trump: White House Correspondents' Dinner","d5PhcSTRKBU",1025
"From The Desk Of Donald Trump 4/7/11","0l4RMGDmoTU",1026
"Clear Difference - Donald J. Trump for President","gq-i8fTlExs",1027
"A Special Happy Birthday for Hillary","A-fWnMzg_3g",1028
"FBN 05 19 2016 11 20 35","RSnV6rNBjBQ",1029
"Ivanka Trump Spring 2013 Collection Photo Shoot","Qd8xZctYpSc",1030
"Breaking Barriers | Hillary Clinton","AQQnP07iCH0",1031
"Friday #HotTakes | 12.18.2015","qSvyahBddCk",1032
"Ignoring Progress","weMKFqdZhwQ",1033
"Hillary on Flint Water Crisis","QwncAhwNOAk",1034
"Lyin' Ted on Lyin' Trump","G3DXqfiuX4s",1035
"Real Life | Hillary Clinton","111MTs7MGuw",1036
"A Pledge","jXE1Ik3oSMc",1037
"From The Desk Of Donald Trump 4/18/11","90TTHpIBQAw",1038
"Trump: The Next Generation","Hcq9XQ3r_24",1039
"Thank you | Hillary Clinton","6IIxC0W0ej8",1040
"Trump Vineyard Estates","s8kDzCpvgWA",1041
"From The Desk Of Donald Trump: Bernie Madoff and Tony La Russa","43k7DKQEVi0",1042
"Ivanka Trump's Q&A","IDyuLi-cV40",1043
"Secretary Clinton's Message to Texas Democrats | Hillary Clinton","_DTgetHfR1U",1044
"Gabby | Hillary Clinton","mAGr0UrRTl4",1045
"Strong On Ending Gun Violence","dnd8jAj4MKk",1046
"Trump Lies Final 1","P1NMNiLFKcE",1047
"The Same | Hillary Clinton","5SW72KHkA6A",1048
"Donald Trump ALS Ice Bucket Challenge","fxDAyUiXphg",1050
"Make your voice heard | Hillary Clinton","-9hfnU3MFsU",1051
"From The Desk Of Donald Trump: Obama's Deal","A1594PeZ2AM",1053
"Donald Trump Strains U.S.-U.K. Relations","uiGpT-4qik4",1054
"Saluting Labor on Labor Day | Hillary Clinton","xKN8L9TeT58",1055
"Get Out To Vote - South Dakota","t4iw6wLz2Q8",1056
"Trump World Tower: Residence 44B","exQCGfjHUsw",1057
"10 Things Not to Say in a Job Interview","9afcy3Spa8U",1058
"Trump National Golf Club Los Angeles","fsGdK7Z7CpM",1059
"Ivanka Trump Fall 2013 Collection Photo Shoot","rZWPcN6_3R0",1060
"Reactions to Bernie Sanders' NYDN Interview","RO-76IfidFo",1061
"Part 3 | The History of ""Women's Rights Are Human Rights"" | Hillary Clinton","OlcwFYkoeJk",1062
"Katy Perry joins Hillary's Iowa JJ dinner rally | Hillary Clinton","fkYYLGkzeNQ",1063
"The Most Important Caucus | Hillary Clinton","B_mykoangfw",1064
"This House | Hillary Clinton","AKO4jNiSEq4",1066
"From The Desk Of Donald Trump: Mike Tyson","2XaJljKrjv8",1067
"Norma | Hillary Clinton","Nvde0qVBkjg",1068
"Standing Up For America's Educators | Hillary Clinton","YMg_VM_hUEI",1069
"How to Caucus Iowa - Donald J. Trump for President","thi56OCkduA",1070
"10 Things to Never Say in a Job Interview","9afcy3Spa8U",1071
"Tony Goldwyn | Hillary Clinton","6EimYosSmWI",1072
"The Trump Pledge","Ws68uR_FNYg",1073
"Our community | Hillary Clinton","aWewpQ_Vzdg",1074
"Easy as 1, 2, 3 | Hillary Clinton","JchvlVMCLno",1075
"Fighting for the Middle Class | Hillary Clinton","N_UO2G7gYm8",1076
"The Economy","97iL5er3Mkc",1077
"After the Debate: GOP Tax Plans","x8-KqwKa8gQ",1079
"From the Desk of Donald Trump: South Korea","agk9ZCrYol4",1080
"Forward | Hillary Clinton","3GLz6eSG5P4",1082
"Donald Trump and Women","qsXzaiSteHc",1083
"Caucus on Monday | Hillary Clinton","HmcHAp6o_jU",1084
"From The Desk Of Donald Trump- Norway and Amanda Knox","c5vPZHWJjWw",1085
"Wrong for the Climate","9OFzxt8S0k8",1086
"Fortitude NV | Hillary Clinton","Ov9BWvs6QnE",1087
"Planned Parenthood Endorses Hillary Clinton | Hillary Clinton","n-xUXqqnHQQ",1088
"Trump Caucus Instructional Video for MA","4vZQof0sT4A",1089
"Ami | Hillary Clinton","vqmEA4oA4uo",1090
"If You Caucus | Hillary Clinton","iT6u-V4p2H0",1091
"Heads or Tails","fncJZXrzG8k",1092
"Get Out To Vote - Tennessee","0DswYEZr1zU",1093
"Military","6iZKBv8xqyk",1094
"CNN Debate","_FKQSXRjGOk",1095
"The Braggadocious Bunch","vqPNydy6yy8",1096
"Stand | Hillary Clinton","G-_YlX05iUQ",1097
"TRUMP ENGLAND","NO9MtepFGFc",1098
"Bill Clinton GOTV | Hillary Clinton","AgKZNjP_Yow",1099
"Family Strong","NdKsA4q-FFA",1100
"Flint Water Works | Hillary Clinton","9pAywIHOXyw",1101
"Trump Rallies Mobs, and the GOP Follows","NkaNHYxlVhY",1102
"From The Desk Of Donald Trump: Andy Roddick","Ll917GMCqoo",1103
"Breaking Barriers | Hillary Clinton","AH-XtfL3jBY",1104
"Trump's Ceiling","5lUHjPSsBUU",1105
"From The Desk Of Donald Trump: The Worst Employee","pk6_BBGzmOU",1106
"COMMERCIAL RADIO","rHnZISRT3jI",1107
"Donald Trump's remarks on punishing women: outrageous and dangerous | Hillary Clinton","7grIw79dlGY",1108
"Where is the strangest place you've ever held a meeting? | Quick Question | Hillary Clinton","VD0As-H4kDI",1109
"Let's Make It Easier to Vote","rAVIox4k8BI",1110
"From The Desk Of Donald Trump: Anthony Weiner, the Secret Service, and Dick Clark","axM9rmRT85I",1111
"Trump Rally RECAP","KNrBireMzy4",1112
"Whiner","H5om7YhGiSw",1113
"From The Desk Of Donald Trump: Rick Santorum","1HUSKGz9CHc",1115
"Hillary Meets the Famous Dog from her Campaign Launch Video | Hillary Clinton","ClN3zQsixLo",1116
"The Deck Is Still Stacked | Hillary Clinton","8aDRZ0akDJY",1117
"Conviction","SlQzgkdxC9M",1118
"Trump International Hotel- The Old Post Office- Groundbreaking Ceremony","CjTvRflsAfU",1119
"Bill Clinton GOTV | Hillary Clinton","7AM4FI7B2JA",1121
"Romney's World View","6Vzg9CsqLQA",1122
"Vote March 5 | Hillary Clinton","G3QTOqRlfCQ",1123
"President Bill Clinton on how we should share our dreams | Hillary Clinton","TyQJr7UDqg0",1124
"Gowdy UnansweredQuestions","n9x1tt55sHY",1125
"Unifying The Nation - Donald J. Trump for President","rrshXpUtBHc",1126
"Kasich all the sources of energy","GvAivoq2QN8",1128
"The Economy - Donald J. Trump for President","97iL5er3Mkc",1129
"Women for Hillary Clinton Speech and Launch | Hillary Clinton","q4-AhrQjTwM",1130
"How to Avoid Showing Your Taxes","9S9jxJbSK7M",1131
"Caucus Tuesday | Hillary Clinton","xhRcBT3tjhU",1132
"Trump is a Foreign Policy Disaster","CHIgG-L44I0",1133
"Breaking Barriers | Hillary Clinton","CMbddI0Z8Xo",1134
"FRIDAY HOT TAKES 11 5 FINAL HD","OJCus_tARHY",1135
"Moms lunch | Hillary Clinton","moH3Pd_gd20",1136
"Hillary stands with labor unions and workers | Hillary Clinton","qHNiIRrB6uo",1137
"Hillary Clinton speaks at the McIntyre-Shaheen 100 Club Celebration | Hillary Clinton","wCW4nTfHpgk",1138
"Inequality | Hillary Clinton","iog4xgQq-L8",1139
"From The Desk Of Donald Trump 4/12/11","N5AYyOBBYe8",1140
"Jeanne Shaheen Endorses Hillary For President | Hillary Clinton","FeaQhLYYzCA",1141
"Children | Hillary Clinton","ATWCTalarZo",1142
"Hillary talks about the stakes of this election","3MwzXksCJqM",1143
"Get Out To Vote - Virginia","pCpISp4uvZM",1144
"From The Desk Of Donald Trump 6/7/11","QNRXpDIX0uQ",1145
"Hillary Clinton: Smart leadership for the 21st Century | Hillary Clinton","FCcLW33ZAmA",1147
"Children | Hillary Clinton","xcq2baJ2Xeo",1149
"Trump National Golf Club Los Angeles","y73fwwpnm1w",1150
"Bankrupt","Fvi6YI03_Ng",1151
"Es Ahora","OcbVS8mdD18",1152
"Our community | Hillary Clinton","skf_EhmI2xo",1153
"What A Con-Man","A_xkd_hWojc",1154
"From The Desk Of Donald Trump: The Republican Party","nGovgvpffK0",1155
"Bernie's Got Wag","3X3DZTugXlk",1156
"“Can you fix the prison problems?” | Hillary Clinton","8virjIfI5j4",1157
"Secure | Hillary Clinton","k9q47Rs0bQU",1158
"Hillary Meets a Caregiver Backstage | Hillary Clinton","U2FO4Ha5oaY",1159
"Reactions to McCarthy's Gaffe","kvQ4J5ytyG0",1160
"Keep Marco and his friends out of the White House","SQyQokBjGt8",1161
"Trump International Realty Charlotte Presents: The Point, 127 Thurstons Way","q-oGRgXWpFs",1162
"Donald Trump's Response To President Obama's Lack Of Transparency","tYgW3_w3TS8",1163
"25 Years | Hillary Clinton","P-aZpQE5bKM",1164
"Predatory | Hillary Clinton","OCPHDiF7OQw",1165
"Ivanka Trump Fall 2012 Collection Photo Shoot","GPHQunwfXcQ",1166
"Mean Tweets, Campaign Edition with Senator Al Franken | Hillary Clinton","1KI_DorjrpE",1167
"My Dad - Donald J. Trump Jr.","fBe2lj88N34",1168
"Trump Finance Chair Praises Great America PAC","Jp4ZflCKbPU",1169
"Contra mi comunidad","7VNMjJvrrdA",1170
"Ivanka Trump's Update July 2012","9byIicXWZhw",1171
"Hillary Clinton's new little secret service agent | Hillary Clinton","cbV9md9gFi4",1172
"The Celebrity Apprentice Video Blog","K2HLcrIOFBI",1173
"Remarks of Secretary Clinton at Greenville Community Forum | Hillary Clinton","b4vSrX4tcrg",1174
"From The Desk Of Donald Trump: Gadhafi","EEZBDTHy1o4",1175
"""Not about me"" | The Conversation Promo | Hillary Clinton","A5tNvpXvlzI",1176
"Trump Tower Celebrating 30 Years","fEu_wo4-T9Y",1178
"Iowan shares her story about Alzheimer's | Hillary Clinton","jIeToJ3cajY",1179
"Sanders and Palin: Taking on Putin","_x5DgRxP9SM",1180
"1st Day In Office","PDUsznqnhQ0",1181
"The Subtance of Tonight's Republican Town Hall","nsj6JzXjj_s",1182
"Caucus March 5 | Hillary Clinton","P_MxhRKu7S8",1183
"Mayor Reed","w1UXp-APcUA",1184
"Preview: Trump's GOP Convention 2016","QejdfANdeV4",1185
"Sanders Stands with Dick Cheney and the NRA on Immunity for the Gun Industry","Xqqtg5E1DQs",1186
"My Mom | Hillary Clinton","5Zx9-hj54fw",1187
"We Won't Go Back","NRu4hy3j8SE",1188
"Bernie Sanders on Immigration","ObTrOZZTP2c",1189
"The Celebrity Apprentice Video Blog Week 4","wbV_-CC3QW0",1190
"Trump Golf","7kHZu1_W3p8",1191
"Jeb! : An Offer America Has Refused","-29_oC4L-2A",1192
"Respect","IkeLYDZdPSc",1193
"Ignoring Progress","FNNWS_ItQL8",1194
"President Bill Clinton takes over Hillary's Snapchat account | Hillary Clinton","B3fWIUeI6Rw",1195
"The Donald Trump Guarantee!","epDJA6oIwKY",1196
"The Eric Trump Foundation","9MiEPZmdOm4",1197
"Benghazi Hearing Reviews","VW93PxRVS7w",1198
"Unifier?","U8aeOrj_WAU",1199
"From The Desk Of Donald Trump: Tweets Answered Part One","8SU9B6f1OrY",1201
"Strong For The Middle Class","tCaJ9F77Tjg",1202
"Strong For Middle Class Families","shz3pJHvFI4",1203
"Hillary Clinton Wins the Nevada Caucus!","fVjgzKmbPl4",1204
"Hillary on the Campaign Trail | Hillary Clinton","Gf8VeJQXy3I",1205
"Family Moments With Ted","5OoywdMSpI0",1206
"The 2012 Miss USA Contestants Visit Trump Tower","8GYaT85W15U",1207
"From The Desk Of Donald Trump: Jon Stewart","sTWFCeJg2CQ",1208
"Hillary Clinton and Amy Poehler Discuss A Leslie Knope Presidency | Hillary Clinton","IhlKnvBWeZ8",1209
"Young Future Iowa Voter Asks Hillary a Question | Hillary Clinton","9Kk-btNY9-c",1210
"Happy Mother's Day","TV06e-t048k",1211
"Brave | Hillary Clinton","17-ePkOrYLc",1212
"Hillary Clinton speech on counterterrorism and foreign policy | Hillary Clinton","rRlqs-Lc66Y",1213
"Making Deals With Congress","cNPLYqNTj-4",1214
"From the Desk of Donald Trump: WWE Hall of Fame","468147Mlzyw",1216
"New World | Hillary Clinton","6cFjU10IrqU",1218
"Second-Class Citizens","_CkwVp2oZ7E",1219
"Hillary Clinton Accused of Shouting","SRG8t-528e4",1220
"Shamed and Blamed | Hillary Clinton","evRCdOF-Ig8",1221
"Architectural and Design Unveiling of Trump International Hotel- The Old Post Office- D.C.","PqdfpV47Mu4",1222
"Ivanka Trump's Update May 2012","wyzrG-6l4eQ",1223
"Caucus Tonight | Hillary Clinton","OTSw0zYe1AQ",1224
"27 Times","2rj3akybC2s",1225
"Ivanka Trump Fragrance","1IuK2dWrgdM",1226
"Breaking Barriers | Hillary Clinton","7FdA3khtwGM",1227
"From The Desk Of Donald Trump: Tweets Answered Part Two","clGGLPLvOL8",1228
"Nevada: Register Republican to caucus for Donald J. Trump","-RORtFPuPwQ",1229
"From The Desk Of Donald Trump: Palm Beach International Airport","snbJCABW6e8",1230
"Stand | Hillary Clinton","zQXuuAJjJfc",1231
"Vote March 8 | Hillary Clinton","RieCpTL9IFo",1233
"La vida requiere riesgos | Hillary Clinton","CUV7kl-GBs0",1234
"Hillary wonks out with a New Jersey nurse about Clean Cookstoves | Hillary Clinton","_JM-eOiwFOA",1235
"Donald Trump Meets The 2011 Miss USA Contestants","M3vlnVukmrs",1237
"The Sixth Annual Eric Trump Foundation Golf Invitational","G8YFJdMgd3o",1238
"Vote March 8 | Hillary Clinton","Bv6QlHQLhRA",1239
"Nos conoce | Hillary Clinton","7yCVSilFNco",1240
"Hillary's first Periscope!","VXjAmTvhpRk",1241
"Johnson Controls | Hillary Clinton","2SUFg-nbFz8",1242
"Awareness | Hillary Clinton","aV6JwYpv_pw",1243
"One Week Down, 26 To Go!","ZWvGbn-qJEU",1244
"Sanders Changes Reasoning on 2007 Immigration “No” Vote","CxBkLVMhRCI",1245
"Hillary talks with NEA President about DREAMers | Hillary Clinton","tSfQsB03d28",1246
"Predatory | Hillary Clinton","N6fC6BLjSI0",1247
"Incredible | Hillary Clinton","BUFGehpFywI",1248
"Ivanka Trump December 2014 Update","vvvSynDc4gA",1249
"Vote March 5 | Hillary Clinton","TgMvIPLTzis",1250
"Bluffton Speech - Donald J. Trump for President","bwydb3Bcg6o",1251
"Chaos","vrTGKSuw2Fk",1252
"""I'm already smart!"" | Big Questions, Little Supporters | Hillary Clinton","vlwXNM-XtNY",1253
"Education | Hillary Clinton","coM1CTaN9kU",1254
"Priorities USA Action: ""Doors""","uaKIeR4Sn3k",1255
"Donald Trump Strains U.S.-U.K. Relations","bvgFvhdvvZg",1257
"Equal","g2Y9abmNuRw",1258
"Speak","JekzM26TF3Q",1259
"Bernie Sanders on Obamacare","-OOrcEEQuRg",1260
"Hillary Sits Down with DREAMers","r6t-9TSBpTA",1261
"Stronger Together | Hillary Clinton","CA5ZhyoaJec",1262
